﻿<?xml version="1.0" encoding="utf-8"?><HelpTOCNode Title="IGameInfo Properties" Url="html/58679e75-fc9d-ad98-4224-495f51952758.htm"><HelpTOCNode Title="Agent Property " Url="html/48b0095d-fa29-7346-9416-471eabc551e4.htm" /><HelpTOCNode Title="AgentList Property " Url="html/f2f9b2e3-fa18-4b11-9011-bd8c06a9569d.htm" /><HelpTOCNode Title="AliveAgentList Property " Url="html/baa1472a-497c-6761-66ab-275bf940bf0f.htm" /><HelpTOCNode Title="AttackedAgent Property " Url="html/f289c930-ecad-d363-27b6-b3a7413de2fe.htm" /><HelpTOCNode Title="AttackVoteList Property " Url="html/8a9b6640-e4a6-3055-c9a7-d1e368e0b009.htm" /><HelpTOCNode Title="CursedFox Property " Url="html/0d130722-b3b8-1603-ae86-4d160c9b454c.htm" /><HelpTOCNode Title="Day Property " Url="html/d7107524-232f-0521-c3c0-f537e993c46d.htm" /><HelpTOCNode Title="DivineResult Property " Url="html/35235903-e518-237d-7111-b8b8d9c31c70.htm" /><HelpTOCNode Title="ExecutedAgent Property " Url="html/2ff72bde-0701-b6db-d72c-8acd6561ceb9.htm" /><HelpTOCNode Title="ExistingRoleList Property " Url="html/dd9db8b5-237c-e998-f7f9-e5283481abfd.htm" /><HelpTOCNode Title="GuardedAgent Property " Url="html/01a2a510-d9e2-92ca-7863-f25d6434f3fc.htm" /><HelpTOCNode Title="LastDeadAgentList Property " Url="html/431c9a8c-54c6-1d7b-4797-f2f6571356d0.htm" /><HelpTOCNode Title="LatestAttackVoteList Property " Url="html/9bcac101-2e20-c8b8-1448-60e56126ab5e.htm" /><HelpTOCNode Title="LatestExecutedAgent Property " Url="html/7f2c5bdc-2e52-0307-0e37-daa43d1c0ecf.htm" /><HelpTOCNode Title="LatestVoteList Property " Url="html/d7cdbbac-28f6-f5a8-1692-b3d9e051d707.htm" /><HelpTOCNode Title="MediumResult Property " Url="html/0b77141b-3262-6d79-4327-64b9f0f34e00.htm" /><HelpTOCNode Title="RemainTalkMap Property " Url="html/d80f17c3-5662-91d3-fe37-3c7bcd9c2f7c.htm" /><HelpTOCNode Title="RemainWhisperMap Property " Url="html/95693b10-3c12-30ef-4903-58f315fe9688.htm" /><HelpTOCNode Title="Role Property " Url="html/c1699efe-a119-acd3-e365-13674542a286.htm" /><HelpTOCNode Title="RoleMap Property " Url="html/de9673ae-fb5b-0c67-3e61-522080e4132c.htm" /><HelpTOCNode Title="StatusMap Property " Url="html/5f7d24e1-3ee4-8295-6cd8-b3e240cd2cde.htm" /><HelpTOCNode Title="TalkList Property " Url="html/a43812d6-1625-51d6-03e7-fc2145c678ab.htm" /><HelpTOCNode Title="VoteList Property " Url="html/0377266e-7acc-ea8b-05e8-902f9d19307a.htm" /><HelpTOCNode Title="WhisperList Property " Url="html/f02c5f08-0b9b-b118-be3a-653ddf1e419e.htm" /></HelpTOCNode>