﻿<?xml version="1.0" encoding="utf-8"?><HelpTOCNode Title="Content Properties" Url="html/95d4b672-c6dd-4a96-ff5f-04c7172b5bd1.htm"><HelpTOCNode Title="ContentList Property " Url="html/7a06fbfc-3f9e-34c5-0834-a679beacba07.htm" /><HelpTOCNode Title="Day Property " Url="html/ae9e162e-2aaa-749e-522d-3e8a2106a44a.htm" /><HelpTOCNode Title="Operator Property " Url="html/60cf0461-62d2-369b-ccf9-a5e7acb12b2a.htm" /><HelpTOCNode Title="Result Property " Url="html/c99e3c54-26f9-44bb-9a7e-54049072d685.htm" /><HelpTOCNode Title="Role Property " Url="html/74abfa24-a25f-d900-7e03-12014efa9619.htm" /><HelpTOCNode Title="Subject Property " Url="html/9fc4de1f-3f40-6c04-3596-c09d37d9cfdd.htm" /><HelpTOCNode Title="Target Property " Url="html/af6b99a0-4a13-adaf-34e1-bfa2e69c432a.htm" /><HelpTOCNode Title="Text Property " Url="html/6b686dab-d4dd-b6e8-1e72-23fe9e4d1438.htm" /><HelpTOCNode Title="Topic Property " Url="html/9634ebb2-c8a1-7f3c-22a2-18ad5fe64658.htm" /><HelpTOCNode Title="Utterance Property " Url="html/3b68fa2f-4dcf-25a7-55bc-98be1870bf82.htm" /></HelpTOCNode>