﻿<?xml version="1.0" encoding="utf-8"?><HelpTOCNode Title="IPlayer Methods" Url="html/fa10d65d-f58a-baab-4e35-6a23fc958377.htm"><HelpTOCNode Title="Attack Method " Url="html/a2d7b5e4-9c7c-6a5b-64d3-9de675b029cc.htm" /><HelpTOCNode Title="DayStart Method " Url="html/50eeee85-c6e6-217c-48da-5709d327fe1b.htm" /><HelpTOCNode Title="Divine Method " Url="html/22ca80bd-143d-4052-b829-fb1a7527abdb.htm" /><HelpTOCNode Title="Finish Method " Url="html/4dbc4d9b-ce1f-2da8-f291-b0589438b514.htm" /><HelpTOCNode Title="Guard Method " Url="html/1192fc82-5116-909e-7291-f7acc67ecae0.htm" /><HelpTOCNode Title="Initialize Method " Url="html/7efba62f-3fa4-5641-3618-0d6ef290cf44.htm" /><HelpTOCNode Title="Talk Method " Url="html/ae811323-2ae4-051f-da4a-6a5532ea8ad2.htm" /><HelpTOCNode Title="Update Method " Url="html/1cbad7bb-0513-3b80-9ecf-fdc54fdb188f.htm" /><HelpTOCNode Title="Vote Method " Url="html/a177d1d3-1418-114f-ee9e-5a709ff19650.htm" /><HelpTOCNode Title="Whisper Method " Url="html/932575f3-1469-ecfc-595f-2b848f2c9726.htm" /></HelpTOCNode>