﻿<?xml version="1.0" encoding="utf-8"?><HelpTOCNode Title="IGameSetting Properties" Url="html/fd1d4d6a-e1f2-a918-a85e-0d3251e42c9e.htm"><HelpTOCNode Title="EnableNoAttack Property " Url="html/fd93bcc7-76cd-ad90-e82b-6a5194cc871c.htm" /><HelpTOCNode Title="EnableNoExecution Property " Url="html/af2be711-c467-936a-3772-2ec0c36f57b6.htm" /><HelpTOCNode Title="MaxAttackRevote Property " Url="html/f38d19fc-5be0-ce9a-f410-6c13fc192f10.htm" /><HelpTOCNode Title="MaxRevote Property " Url="html/25b1c84f-a770-74bf-93ab-7b51f2264759.htm" /><HelpTOCNode Title="MaxSkip Property " Url="html/44ddd299-054b-b5dd-68c4-a845ffdf451a.htm" /><HelpTOCNode Title="MaxTalk Property " Url="html/6c932865-bd63-8994-0a74-6d357b5125af.htm" /><HelpTOCNode Title="MaxTalkTurn Property " Url="html/0d619614-06e0-606a-0a64-412dc9eed56b.htm" /><HelpTOCNode Title="MaxWhisper Property " Url="html/a9404fae-a954-bb01-710c-b1edc3ee9198.htm" /><HelpTOCNode Title="MaxWhisperTurn Property " Url="html/1fb69082-f825-4c44-fbc1-9958e3ae61eb.htm" /><HelpTOCNode Title="PlayerNum Property " Url="html/b04e5519-363e-2c1c-7bee-a77f9a4ac514.htm" /><HelpTOCNode Title="RandomSeed Property " Url="html/3722eca4-ca18-80bf-505d-876c1f8755a1.htm" /><HelpTOCNode Title="RoleNumMap Property " Url="html/1117d1e4-bd3a-a41b-226c-bbeb5c9b04c0.htm" /><HelpTOCNode Title="TalkOnFirstDay Property " Url="html/89ed7ea5-e20c-3451-5d6a-d7a96eea7bd4.htm" /><HelpTOCNode Title="TimeLimit Property " Url="html/ff88a004-dfd5-341f-99b1-ecedf5da9dda.htm" /><HelpTOCNode Title="ValidateUtterance Property " Url="html/30b85cde-1ddc-ba7d-b721-d5799bc26e78.htm" /><HelpTOCNode Title="VotableOnFirstDay Property " Url="html/d4651261-5076-adad-2874-3d408424c816.htm" /><HelpTOCNode Title="VoteVisible Property " Url="html/c9451d2b-13bb-1a85-348c-65512721db72.htm" /><HelpTOCNode Title="WhisperBeforeRevote Property " Url="html/8c4d5428-7375-7142-b9e3-1a8eb40fdc8b.htm" /></HelpTOCNode>