﻿<?xml version="1.0" encoding="utf-8"?><HelpTOCNode Title="AIWolf.Lib" Url="html/54baffd3-abc9-3092-7bbf-479a8ddbc144.htm"><HelpTOCNode Title="AbstractRoleAssignPlayer クラス" Url="html/0963d36c-134c-805f-8c48-ee47f6ace994.htm" HasChildren="true" /><HelpTOCNode Title="Agent クラス" Url="html/6f03466b-1a3a-49a2-0e1b-1fe447ef871e.htm" HasChildren="true" /><HelpTOCNode Title="AgreeContentBuilder クラス" Url="html/74e377fc-825f-626e-0cf8-74da82497c41.htm" HasChildren="true" /><HelpTOCNode Title="AndContentBuilder クラス" Url="html/e52d8acc-b654-8134-9c63-2ca8e70d4cf4.htm" HasChildren="true" /><HelpTOCNode Title="AttackContentBuilder クラス" Url="html/89a99be2-2f3d-6c4d-9b9e-16ace9f3f7e4.htm" HasChildren="true" /><HelpTOCNode Title="AttackedContentBuilder クラス" Url="html/d5111aba-067f-8250-da54-4148717cacf1.htm" HasChildren="true" /><HelpTOCNode Title="BecauseContentBuilder クラス" Url="html/c4dab42d-9831-58c3-7144-079e5fa7bcbc.htm" HasChildren="true" /><HelpTOCNode Title="ComingoutContentBuilder クラス" Url="html/a86d283b-b563-9c86-1990-9695d756cf07.htm" HasChildren="true" /><HelpTOCNode Title="Content クラス" Url="html/14a21891-1265-56a2-e5e5-ac3ab3d3adf6.htm" HasChildren="true" /><HelpTOCNode Title="ContentBuilder クラス" Url="html/a325324b-81f8-cc32-3793-056f49f1e08f.htm" /><HelpTOCNode Title="DayContentBuilder クラス" Url="html/9a5c684e-8a97-8adb-9da9-415b0e24c43f.htm" HasChildren="true" /><HelpTOCNode Title="DisagreeContentBuilder クラス" Url="html/ce5f1c8e-0ff6-4867-9d47-f5bd55b0ac13.htm" HasChildren="true" /><HelpTOCNode Title="DivinationContentBuilder クラス" Url="html/54bf8fea-cf75-5826-c3f8-9105e076cc80.htm" HasChildren="true" /><HelpTOCNode Title="DivinedResultContentBuilder クラス" Url="html/9e24504d-9525-c9ab-de4f-e781ac190bff.htm" HasChildren="true" /><HelpTOCNode Title="DummyPlayer クラス" Url="html/f9ceb83e-45b8-17a7-69cf-342af75736e4.htm" HasChildren="true" /><HelpTOCNode Title="EmptyContentBuilder クラス" Url="html/9a1baf88-44a0-602c-4a71-1e3b0b3b58a5.htm" HasChildren="true" /><HelpTOCNode Title="EstimateContentBuilder クラス" Url="html/b0ac2d6f-c1f1-8402-ddc3-d9433675be56.htm" HasChildren="true" /><HelpTOCNode Title="GuardContentBuilder クラス" Url="html/028b703e-0106-dd63-7b62-bd5c8734692e.htm" HasChildren="true" /><HelpTOCNode Title="GuardedAgentContentBuilder クラス" Url="html/4297cbe0-ca1f-f518-9029-371b3585faf4.htm" HasChildren="true" /><HelpTOCNode Title="IdentContentBuilder クラス" Url="html/9c7b9de7-fedb-1203-cfc2-edbcc7481512.htm" HasChildren="true" /><HelpTOCNode Title="IGameInfo インターフェイス" Url="html/4d38b21f-3be3-a916-ed1b-1305b6b76842.htm" HasChildren="true" /><HelpTOCNode Title="IGameSetting インターフェイス" Url="html/90cb70d0-2bc0-bd01-0671-bf9ec9089453.htm" HasChildren="true" /><HelpTOCNode Title="InquiryContentBuilder クラス" Url="html/b75a85ae-7db3-f258-f221-51519d7201be.htm" HasChildren="true" /><HelpTOCNode Title="IPlayer インターフェイス" Url="html/e1f54d81-7fda-51ec-9d26-599278fc794e.htm" HasChildren="true" /><HelpTOCNode Title="IUtterance インターフェイス" Url="html/1d2a3107-abe8-4d09-6e4a-373b9d32d3f6.htm" HasChildren="true" /><HelpTOCNode Title="Judge クラス" Url="html/b22c8362-3621-15c5-94d0-ddf70ce16064.htm" HasChildren="true" /><HelpTOCNode Title="NotContentBuilder クラス" Url="html/f41d6705-1d09-51aa-aacb-f9d92b5b61c2.htm" HasChildren="true" /><HelpTOCNode Title="Operator 列挙体" Url="html/74b5ad43-b1b2-6d5b-1944-c9e8006cb45f.htm" /><HelpTOCNode Title="OrContentBuilder クラス" Url="html/f64981bd-a2af-127c-3811-852b169c2606.htm" HasChildren="true" /><HelpTOCNode Title="OverContentBuilder クラス" Url="html/52e232ea-11d7-9982-4ed9-83247416c17e.htm" HasChildren="true" /><HelpTOCNode Title="RequestContentBuilder クラス" Url="html/55c16766-eaf9-e65c-76dc-61b5920ca9f1.htm" HasChildren="true" /><HelpTOCNode Title="Role 列挙体" Url="html/a1c366ff-511e-5357-dfe1-34f17284be4d.htm" /><HelpTOCNode Title="RoleExtensions クラス" Url="html/69948933-bd83-983d-5c29-50a7fcc6dd33.htm" HasChildren="true" /><HelpTOCNode Title="ShuffleExtensions クラス" Url="html/608b6dfe-890a-4679-d8e7-dfc0decc74fe.htm" HasChildren="true" /><HelpTOCNode Title="SkipContentBuilder クラス" Url="html/28931834-83e1-72d2-fc83-11da6721bc06.htm" HasChildren="true" /><HelpTOCNode Title="Species 列挙体" Url="html/52d816fd-1373-fd68-838d-8ea737bc02ec.htm" /><HelpTOCNode Title="Status 列挙体" Url="html/43d6671d-30e7-695f-4626-261c40cf2102.htm" /><HelpTOCNode Title="Talk クラス" Url="html/c86ddbc5-3995-9d7f-79a0-aa75b7479a73.htm" HasChildren="true" /><HelpTOCNode Title="Team 列挙体" Url="html/90a3bfd2-4a2b-3d2a-ff98-78d98ff2078b.htm" /><HelpTOCNode Title="Topic 列挙体" Url="html/926035b6-22cd-1d8f-b4cb-8fc2f4a43911.htm" /><HelpTOCNode Title="UtteranceType 列挙体" Url="html/ce4482e3-e369-9b1b-a057-7a89ba4c02e8.htm" /><HelpTOCNode Title="Vote クラス" Url="html/da8f9d8d-4ce2-188a-d1c8-fbd1af04c236.htm" HasChildren="true" /><HelpTOCNode Title="VoteContentBuilder クラス" Url="html/36be7a8f-6557-5944-397e-4f9e30f4a0fd.htm" HasChildren="true" /><HelpTOCNode Title="VotedContentBuilder クラス" Url="html/b7eacc51-6dbe-5997-24da-e8e62b0ab7c2.htm" HasChildren="true" /><HelpTOCNode Title="Whisper クラス" Url="html/d78ffbb0-3aa5-ba3c-fc3d-f594870a0aa6.htm" HasChildren="true" /><HelpTOCNode Title="XorContentBuilder クラス" Url="html/6f5b6041-e305-9df7-fe3e-f0f8389d00f4.htm" HasChildren="true" /></HelpTOCNode>