﻿<?xml version="1.0" encoding="utf-8"?><HelpTOCNode Title="DummyPlayer メソッド" Url="html/5d6186c1-2005-273a-e11e-e6d21603a19f.htm"><HelpTOCNode Title="Attack メソッド " Url="html/e4444ad2-45d8-0512-2a80-f8e09b95f506.htm" /><HelpTOCNode Title="DayStart メソッド " Url="html/883b674a-8c54-40a8-ba5c-bd385bbc0885.htm" /><HelpTOCNode Title="Divine メソッド " Url="html/1de0c7b2-871e-f5ec-f513-cc07c29d3777.htm" /><HelpTOCNode Title="Finish メソッド " Url="html/53c0dca5-ba47-ac8b-da0d-b5778620958b.htm" /><HelpTOCNode Title="Guard メソッド " Url="html/58d92407-fd4f-e998-7700-2013a2a1ed72.htm" /><HelpTOCNode Title="Initialize メソッド " Url="html/8a1f8976-336d-cd75-41f0-9c400b726a65.htm" /><HelpTOCNode Title="Talk メソッド " Url="html/243aa86c-f913-7081-9daf-da65a7c0f58b.htm" /><HelpTOCNode Title="Update メソッド " Url="html/8c5ce636-641a-1528-8072-569334fd734e.htm" /><HelpTOCNode Title="Vote メソッド " Url="html/997aa629-da6c-af1e-52eb-54a0a084122c.htm" /><HelpTOCNode Title="Whisper メソッド " Url="html/cbf14242-617f-ba62-b369-f7462d5e912e.htm" /></HelpTOCNode>