﻿<?xml version="1.0" encoding="utf-8"?><HelpTOCNode Title="AbstractRoleAssignPlayer メソッド" Url="html/94fdfceb-a545-73e2-529f-446338b0737b.htm"><HelpTOCNode Title="Attack メソッド " Url="html/5797eef4-9ce6-01c9-7b0e-22488b836a74.htm" /><HelpTOCNode Title="DayStart メソッド " Url="html/efac5761-6fac-0510-6317-992f9f5b4d6b.htm" /><HelpTOCNode Title="Divine メソッド " Url="html/acb4c8f3-aa1a-5288-a4b8-dd9236ccc0d4.htm" /><HelpTOCNode Title="Finish メソッド " Url="html/3c12669f-44a2-699a-0bb1-e7e59f5dfeec.htm" /><HelpTOCNode Title="Guard メソッド " Url="html/746c1bbd-a73d-159f-5d4e-9a06f3404605.htm" /><HelpTOCNode Title="Initialize メソッド " Url="html/d3283b8b-4886-378e-71e6-b8560ed72f68.htm" /><HelpTOCNode Title="Talk メソッド " Url="html/dd22164b-e06c-f1cd-f425-d7e260ea1a1d.htm" /><HelpTOCNode Title="Update メソッド " Url="html/02a78045-2043-5f00-1214-819176abdf37.htm" /><HelpTOCNode Title="Vote メソッド " Url="html/33805904-d70d-082e-6e05-ae957a438075.htm" /><HelpTOCNode Title="Whisper メソッド " Url="html/bf0acf01-1f55-cd07-af4a-13c5b1055ba2.htm" /></HelpTOCNode>